subset,n_proteins,mean_bacc_strain,mean_bacc_ptm_plus_strain,mean_delta,median_delta
fast,5,0.6235999999999999,0.6435799999999999,0.019979999999999977,0.0024999999999999467
slow,5,0.62428,0.65296,0.028679999999999994,0.02739999999999998
